----,
DateTime:        , 2023/09/25, 14:29:06, 1695662945889,
RFID_EPC:        ,--Not Acquired--,
RFID_UserData:   ,--Not Acquired--,
Barcode:         ,--Not Acquired--,
PIF:,          167.80,
PARs:,            0.0,     0.0,     0.0,     0.0,     0.0,     0.0,
Light:,           0.0,     0.0,     0.0,     0.0,     0.0,     0.0,
Cycles:,            1,
                    1,      54,      55,      65,
Lamps:,        #10000,
Gain:,             10,     100, 
SNR_raw:,     287.02,
Position:,        0.0,              0.0,   NoData,
DataPt,      Time(us),   EX,         EM,       Fit,
==========,==========,==========,==========,=========,
    0,        0.0,      0.000,       0.000,     43.271,
    1,        0.8,    511.849,      42.651,     44.315,
    2,        3.3,    542.444,      44.894,     45.353,
    3,        5.8,    542.444,      47.011,     46.326,
    4,        8.3,    542.444,      47.877,     47.237,
    5,       10.8,    542.444,      48.762,     48.091,
    6,       13.3,    542.444,      49.444,     48.891,
    7,       15.8,    542.444,      50.108,     49.641,
    8,       18.3,    542.444,      50.845,     50.343,
    9,       20.8,    542.444,      51.509,     51.001,
   10,       23.3,    542.444,      52.025,     51.617,
   11,       25.8,    542.444,      52.597,     52.195,
   12,       28.3,    542.444,      53.076,     52.735,
   13,       30.8,    542.444,      53.574,     53.242,
   14,       33.3,    542.444,      53.998,     53.717,
   15,       35.8,    542.444,      54.274,     54.161,
   16,       38.3,    542.444,      54.717,     54.578,
   17,       40.8,    542.444,      55.030,     54.968,
   18,       43.3,    542.444,      55.380,     55.333,
   19,       45.8,    542.444,      55.749,     55.675,
   20,       48.3,    542.444,      55.915,     55.996,
   21,       50.8,    542.444,      56.191,     56.296,
   22,       53.3,    542.444,      56.302,     56.577,
   23,       55.8,    542.444,      56.726,     56.840,
   24,       58.3,    542.444,      56.874,     57.087,
   25,       60.8,    542.444,      57.132,     57.317,
   26,       63.3,    542.444,      57.371,     57.534,
   27,       65.8,    542.444,      57.482,     57.736,
   28,       68.3,    542.444,      57.648,     57.926,
   29,       70.8,    542.444,      57.906,     58.103,
   30,       73.3,    542.444,      57.980,     58.269,
   31,       75.8,    542.444,      58.164,     58.425,
   32,       78.3,    542.444,      58.367,     58.570,
   33,       80.8,    542.444,      58.441,     58.707,
   34,       83.3,    542.444,      58.643,     58.834,
   35,       85.8,    542.444,      58.662,     58.954,
   36,       88.3,    542.444,      58.920,     59.066,
   37,       90.8,    542.444,      58.938,     59.171,
   38,       93.3,    542.444,      59.160,     59.269,
   39,       95.8,    542.444,      59.289,     59.360,
   40,       98.3,    542.444,      59.528,     59.446,
   41,      100.8,    542.444,      59.565,     59.527,
   42,      103.3,    542.444,      59.602,     59.602,
   43,      105.8,    542.444,      59.657,     59.672,
   44,      108.3,    542.444,      59.768,     59.738,
   45,      110.8,    542.444,      59.952,     59.800,
   46,      113.3,    542.444,      59.897,     59.858,
   47,      115.8,    542.444,      60.081,     59.912,
   48,      118.3,    542.444,      60.063,     59.962,
   49,      120.8,    542.444,      60.266,     60.010,
   50,      123.3,    542.444,      60.247,     60.054,
   51,      125.8,    542.444,      60.284,     60.095,
   52,      128.3,    542.444,      60.321,     60.134,
   53,      130.8,    542.444,      60.395,     60.170,
   54,      133.3,    542.444,      60.524,     60.204,
   55,      138.3,    542.444,      60.579,     60.310,
   56,      160.8,    542.444,      61.040,     60.696,
   57,      183.3,    542.452,      60.836,     60.771,
   58,      205.8,    542.462,      60.557,     60.669,
   59,      230.8,    542.472,      60.426,     60.435,
   60,      255.8,    542.484,      60.075,     60.140,
   61,      283.3,    542.496,      59.670,     59.778,
   62,      310.8,    542.506,      59.339,     59.413,
   63,      340.8,    542.514,      59.063,     59.015,
   64,      370.8,    542.521,      59.027,     58.641,
   65,      403.3,    542.525,      58.880,     58.248,
----,
DateTime:        , 2023/09/25, 14:29:16, 1695662956412,
RFID_EPC:        ,--Not Acquired--,
RFID_UserData:   ,--Not Acquired--,
Barcode:         ,--Not Acquired--,
PIF:,          170.80,
PARs:,            0.0,     0.0,     0.0,     0.0,     0.0,     0.0,
Light:,          20.0,     0.0,     0.0,     0.0,     0.0,     0.0,
Cycles:,            1,
                    1,      54,      55,      65,
Lamps:,        #10000,
Gain:,             10,     100, 
SNR_raw:,     141.43,
Position:,        0.0,              0.0,   NoData,
DataPt,      Time(us),   EX,         EM,       Fit,
==========,==========,==========,==========,=========,
    0,        0.0,      0.000,       0.000,     47.221,
    1,        0.8,    541.973,      47.733,     47.875,
    2,        3.3,    541.973,      48.481,     48.504,
    3,        5.8,    541.973,      49.228,     49.109,
    4,        8.3,    541.973,      49.874,     49.691,
    5,       10.8,    541.973,      50.464,     50.251,
    6,       13.3,    541.973,      51.110,     50.789,
    7,       15.8,    541.973,      51.626,     51.305,
    8,       18.3,    541.973,      52.254,     51.800,
    9,       20.8,    541.973,      52.586,     52.276,
   10,       23.3,    541.973,      53.103,     52.732,
   11,       25.8,    541.973,      53.619,     53.168,
   12,       28.3,    541.973,      53.859,     53.587,
   13,       30.8,    541.973,      54.376,     53.988,
   14,       33.3,    541.973,      54.579,     54.372,
   15,       35.8,    541.973,      55.132,     54.739,
   16,       38.3,    541.973,      55.317,     55.091,
   17,       40.8,    541.973,      55.723,     55.427,
   18,       43.3,    541.973,      55.889,     55.748,
   19,       45.8,    541.973,      56.350,     56.056,
   20,       48.3,    541.973,      56.479,     56.349,
   21,       50.8,    541.973,      56.774,     56.629,
   22,       53.3,    541.973,      57.070,     56.897,
   23,       55.8,    541.973,      57.162,     57.153,
   24,       58.3,    541.973,      57.494,     57.397,
   25,       60.8,    541.973,      57.531,     57.630,
   26,       63.3,    541.973,      57.955,     57.852,
   27,       65.8,    541.973,      58.177,     58.064,
   28,       68.3,    541.973,      58.380,     58.266,
   29,       70.8,    541.973,      58.582,     58.458,
   30,       73.3,    541.973,      58.767,     58.641,
   31,       75.8,    541.973,      58.730,     58.816,
   32,       78.3,    541.973,      58.841,     58.983,
   33,       80.8,    541.973,      59.173,     59.141,
   34,       83.3,    541.973,      59.173,     59.292,
   35,       85.8,    541.973,      59.468,     59.436,
   36,       88.3,    541.973,      59.505,     59.572,
   37,       90.8,    541.973,      59.634,     59.702,
   38,       93.3,    541.973,      59.800,     59.826,
   39,       95.8,    541.973,      59.893,     59.943,
   40,       98.3,    541.973,      59.948,     60.055,
   41,      100.8,    541.973,      60.243,     60.161,
   42,      103.3,    541.973,      60.225,     60.262,
   43,      105.8,    541.973,      60.317,     60.358,
   44,      108.3,    541.973,      60.391,     60.449,
   45,      110.8,    541.973,      60.465,     60.535,
   46,      113.3,    541.973,      60.575,     60.617,
   47,      115.8,    541.973,      60.557,     60.695,
   48,      118.3,    541.973,      60.723,     60.768,
   49,      120.8,    541.973,      60.741,     60.838,
   50,      123.3,    541.973,      60.981,     60.904,
   51,      125.8,    541.973,      60.981,     60.967,
   52,      128.3,    541.973,      61.129,     61.026,
   53,      130.8,    541.973,      61.073,     61.082,
   54,      133.3,    541.973,      61.239,     61.135,
   55,      138.3,    541.973,      61.461,     61.354,
   56,      160.8,    541.973,      62.513,     62.219,
   57,      183.3,    541.982,      62.510,     62.476,
   58,      205.8,    541.992,      62.545,     62.461,
   59,      230.8,    542.003,      62.194,     62.314,
   60,      255.8,    542.016,      61.935,     62.108,
   61,      283.3,    542.027,      61.788,     61.862,
   62,      310.8,    542.036,      61.715,     61.614,
   63,      340.8,    542.043,      61.292,     61.349,
   64,      370.8,    542.049,      61.367,     61.095,
   65,      403.3,    542.053,      61.183,     60.830,
----,
DateTime:        , 2023/09/25, 14:29:18, 1695662957919,
RFID_EPC:        ,--Not Acquired--,
RFID_UserData:   ,--Not Acquired--,
Barcode:         ,--Not Acquired--,
PIF:,          170.50,
PARs:,            0.0,     0.0,     0.0,     0.0,     0.0,     0.0,
Light:,           0.0,     0.0,     0.0,     0.0,     0.0,     0.0,
Cycles:,            1,
                    1,      54,      55,      65,
Lamps:,        #10000,
Gain:,             10,     100, 
SNR_raw:,     226.91,
Position:,        0.0,              0.0,   NoData,
DataPt,      Time(us),   EX,         EM,       Fit,
==========,==========,==========,==========,=========,
    0,        0.0,      0.000,       0.000,     44.725,
    1,        0.8,    513.298,      43.879,     45.652,
    2,        3.3,    542.422,      46.107,     46.576,
    3,        5.8,    542.422,      48.215,     47.444,
    4,        8.3,    542.422,      49.045,     48.261,
    5,       10.8,    542.422,      49.727,     49.029,
    6,       13.3,    542.422,      50.225,     49.752,
    7,       15.8,    542.422,      50.999,     50.432,
    8,       18.3,    542.422,      51.478,     51.072,
    9,       20.8,    542.422,      52.124,     51.673,
   10,       23.3,    542.422,      52.400,     52.239,
   11,       25.8,    542.422,      53.027,     52.771,
   12,       28.3,    542.422,      53.469,     53.272,
   13,       30.8,    542.422,      53.875,     53.743,
   14,       33.3,    542.422,      54.391,     54.186,
   15,       35.8,    542.422,      54.852,     54.602,
   16,       38.3,    542.422,      55.147,     54.994,
   17,       40.8,    542.422,      55.460,     55.362,
   18,       43.3,    542.422,      55.737,     55.709,
   19,       45.8,    542.422,      55.940,     56.035,
   20,       48.3,    542.422,      56.272,     56.341,
   21,       50.8,    542.422,      56.530,     56.629,
   22,       53.3,    542.422,      56.769,     56.901,
   23,       55.8,    542.422,      56.991,     57.155,
   24,       58.3,    542.422,      57.193,     57.395,
   25,       60.8,    542.422,      57.507,     57.621,
   26,       63.3,    542.422,      57.802,     57.832,
   27,       65.8,    542.422,      57.912,     58.032,
   28,       68.3,    542.422,      58.152,     58.219,
   29,       70.8,    542.422,      58.171,     58.395,
   30,       73.3,    542.422,      58.281,     58.561,
   31,       75.8,    542.422,      58.576,     58.717,
   32,       78.3,    542.422,      58.539,     58.863,
   33,       80.8,    542.422,      58.853,     59.001,
   34,       83.3,    542.422,      58.963,     59.131,
   35,       85.8,    542.422,      59.129,     59.253,
   36,       88.3,    542.422,      59.277,     59.367,
   37,       90.8,    542.422,      59.406,     59.475,
   38,       93.3,    542.422,      59.443,     59.576,
   39,       95.8,    542.422,      59.516,     59.671,
   40,       98.3,    542.422,      59.719,     59.760,
   41,      100.8,    542.422,      59.793,     59.845,
   42,      103.3,    542.422,      59.996,     59.924,
   43,      105.8,    542.422,      60.014,     59.998,
   44,      108.3,    542.422,      60.198,     60.068,
   45,      110.8,    542.422,      60.033,     60.133,
   46,      113.3,    542.422,      60.291,     60.195,
   47,      115.8,    542.422,      60.272,     60.253,
   48,      118.3,    542.422,      60.512,     60.308,
   49,      120.8,    542.422,      60.457,     60.359,
   50,      123.3,    542.422,      60.512,     60.407,
   51,      125.8,    542.422,      60.622,     60.452,
   52,      128.3,    542.422,      60.659,     60.495,
   53,      130.8,    542.422,      60.715,     60.535,
   54,      133.3,    542.422,      60.862,     60.573,
   55,      138.3,    542.422,      61.083,     60.710,
   56,      160.8,    542.422,      61.526,     61.279,
   57,      183.3,    542.429,      61.487,     61.479,
   58,      205.8,    542.439,      61.374,     61.462,
   59,      230.8,    542.449,      61.133,     61.294,
   60,      255.8,    542.460,      61.004,     61.044,
   61,      283.3,    542.470,      60.821,     60.718,
   62,      310.8,    542.478,      60.398,     60.378,
   63,      340.8,    542.486,      60.031,     60.001,
   64,      370.8,    542.491,      59.848,     59.641,
   65,      403.3,    542.493,      59.628,     59.260,
----,
DateTime:        , 2023/09/25, 14:29:28, 1695662968422,
RFID_EPC:        ,--Not Acquired--,
RFID_UserData:   ,--Not Acquired--,
Barcode:         ,--Not Acquired--,
PIF:,          169.20,
PARs:,            0.0,     0.0,     0.0,     0.0,     0.0,     0.0,
Light:,          30.0,     0.0,     0.0,     0.0,     0.0,     0.0,
Cycles:,            1,
                    1,      54,      55,      65,
Lamps:,        #10000,
Gain:,             10,     100, 
SNR_raw:,     187.90,
Position:,        0.0,              0.0,   NoData,
DataPt,      Time(us),   EX,         EM,       Fit,
==========,==========,==========,==========,=========,
    0,        0.0,      0.000,       0.000,     48.964,
    1,        0.8,    541.973,      49.368,     49.547,
    2,        3.3,    541.973,      50.060,     50.110,
    3,        5.8,    541.973,      50.752,     50.653,
    4,        8.3,    541.973,      51.398,     51.176,
    5,       10.8,    541.973,      51.933,     51.680,
    6,       13.3,    541.973,      52.486,     52.166,
    7,       15.8,    541.973,      52.929,     52.633,
    8,       18.3,    541.973,      53.464,     53.083,
    9,       20.8,    541.973,      53.852,     53.516,
   10,       23.3,    541.973,      54.184,     53.932,
   11,       25.8,    541.973,      54.830,     54.332,
   12,       28.3,    541.973,      54.940,     54.717,
   13,       30.8,    541.973,      55.402,     55.086,
   14,       33.3,    541.973,      55.752,     55.441,
   15,       35.8,    541.973,      56.158,     55.782,
   16,       38.3,    541.973,      56.435,     56.109,
   17,       40.8,    541.973,      56.712,     56.423,
   18,       43.3,    541.973,      56.988,     56.725,
   19,       45.8,    541.973,      57.302,     57.014,
   20,       48.3,    541.973,      57.468,     57.291,
   21,       50.8,    541.973,      57.689,     57.557,
   22,       53.3,    541.973,      57.892,     57.812,
   23,       55.8,    541.973,      58.077,     58.056,
   24,       58.3,    541.973,      58.354,     58.290,
   25,       60.8,    541.973,      58.631,     58.514,
   26,       63.3,    541.973,      58.870,     58.729,
   27,       65.8,    541.973,      58.981,     58.934,
   28,       68.3,    541.973,      59.166,     59.131,
   29,       70.8,    541.973,      59.332,     59.320,
   30,       73.3,    541.973,      59.516,     59.500,
   31,       75.8,    541.973,      59.719,     59.673,
   32,       78.3,    541.973,      59.793,     59.838,
   33,       80.8,    541.973,      59.941,     59.996,
   34,       83.3,    541.973,      60.162,     60.147,
   35,       85.8,    541.973,      60.291,     60.292,
   36,       88.3,    541.973,      60.402,     60.430,
   37,       90.8,    541.973,      60.549,     60.562,
   38,       93.3,    541.973,      60.660,     60.689,
   39,       95.8,    541.973,      60.826,     60.809,
   40,       98.3,    541.973,      60.863,     60.925,
   41,      100.8,    541.973,      60.955,     61.035,
   42,      103.3,    541.973,      61.103,     61.140,
   43,      105.8,    541.973,      61.251,     61.241,
   44,      108.3,    541.973,      61.269,     61.337,
   45,      110.8,    541.973,      61.361,     61.428,
   46,      113.3,    541.973,      61.435,     61.516,
   47,      115.8,    541.973,      61.490,     61.599,
   48,      118.3,    541.973,      61.712,     61.679,
   49,      120.8,    541.973,      61.712,     61.755,
   50,      123.3,    541.973,      61.841,     61.828,
   51,      125.8,    541.973,      61.933,     61.897,
   52,      128.3,    541.973,      62.026,     61.963,
   53,      130.8,    541.973,      62.155,     62.026,
   54,      133.3,    541.973,      62.136,     62.086,
   55,      138.3,    541.973,      62.468,     62.330,
   56,      160.8,    541.973,      63.668,     63.360,
   57,      183.3,    541.981,      63.794,     63.746,
   58,      205.8,    541.991,      63.755,     63.814,
   59,      230.8,    542.001,      63.587,     63.716,
   60,      255.8,    542.013,      63.458,     63.529,
   61,      283.3,    542.023,      63.293,     63.286,
   62,      310.8,    542.033,      63.146,     63.028,
   63,      340.8,    542.043,      62.742,     62.749,
   64,      370.8,    542.050,      62.632,     62.477,
   65,      403.3,    542.053,      62.541,     62.194,
----,
DateTime:        , 2023/09/25, 14:29:30, 1695662969921,
RFID_EPC:        ,--Not Acquired--,
RFID_UserData:   ,--Not Acquired--,
Barcode:         ,--Not Acquired--,
PIF:,          169.40,
PARs:,            0.0,     0.0,     0.0,     0.0,     0.0,     0.0,
Light:,           0.0,     0.0,     0.0,     0.0,     0.0,     0.0,
Cycles:,            1,
                    1,      54,      55,      65,
Lamps:,        #10000,
Gain:,             10,     100, 
SNR_raw:,     241.04,
Position:,        0.0,              0.0,   NoData,
DataPt,      Time(us),   EX,         EM,       Fit,
==========,==========,==========,==========,=========,
    0,        0.0,      0.000,       0.000,     45.544,
    1,        0.8,    513.288,      44.428,     46.445,
    2,        3.3,    542.422,      46.754,     47.345,
    3,        5.8,    542.422,      48.955,     48.192,
    4,        8.3,    542.422,      49.730,     48.991,
    5,       10.8,    542.422,      50.504,     49.743,
    6,       13.3,    542.422,      51.241,     50.453,
    7,       15.8,    542.422,      51.813,     51.121,
    8,       18.3,    542.422,      52.274,     51.751,
    9,       20.8,    542.422,      52.845,     52.345,
   10,       23.3,    542.422,      53.343,     52.904,
   11,       25.8,    542.422,      53.730,     53.431,
   12,       28.3,    542.422,      54.246,     53.928,
   13,       30.8,    542.422,      54.578,     54.396,
   14,       33.3,    542.422,      55.131,     54.838,
   15,       35.8,    542.422,      55.352,     55.253,
   16,       38.3,    542.422,      55.813,     55.645,
   17,       40.8,    542.422,      56.016,     56.014,
   18,       43.3,    542.422,      56.403,     56.362,
   19,       45.8,    542.422,      56.643,     56.690,
   20,       48.3,    542.422,      57.104,     56.999,
   21,       50.8,    542.422,      57.159,     57.290,
   22,       53.3,    542.422,      57.565,     57.564,
   23,       55.8,    542.422,      57.731,     57.822,
   24,       58.3,    542.422,      57.860,     58.066,
   25,       60.8,    542.422,      58.081,     58.295,
   26,       63.3,    542.422,      58.192,     58.511,
   27,       65.8,    542.422,      58.597,     58.715,
   28,       68.3,    542.422,      58.671,     58.907,
   29,       70.8,    542.422,      58.818,     59.088,
   30,       73.3,    542.422,      58.966,     59.258,
   31,       75.8,    542.422,      59.224,     59.419,
   32,       78.3,    542.422,      59.298,     59.570,
   33,       80.8,    542.422,      59.556,     59.713,
   34,       83.3,    542.422,      59.630,     59.847,
   35,       85.8,    542.422,      59.777,     59.973,
   36,       88.3,    542.422,      60.035,     60.093,
   37,       90.8,    542.422,      60.146,     60.205,
   38,       93.3,    542.422,      60.201,     60.311,
   39,       95.8,    542.422,      60.201,     60.410,
   40,       98.3,    542.422,      60.349,     60.504,
   41,      100.8,    542.422,      60.570,     60.593,
   42,      103.3,    542.422,      60.644,     60.676,
   43,      105.8,    542.422,      60.662,     60.755,
   44,      108.3,    542.422,      60.810,     60.829,
   45,      110.8,    542.422,      60.920,     60.898,
   46,      113.3,    542.422,      61.012,     60.964,
   47,      115.8,    542.422,      61.252,     61.026,
   48,      118.3,    542.422,      61.141,     61.084,
   49,      120.8,    542.422,      61.234,     61.139,
   50,      123.3,    542.422,      61.455,     61.191,
   51,      125.8,    542.422,      61.565,     61.239,
   52,      128.3,    542.422,      61.492,     61.285,
   53,      130.8,    542.422,      61.584,     61.328,
   54,      133.3,    542.422,      61.805,     61.369,
   55,      138.3,    542.422,      61.953,     61.519,
   56,      160.8,    542.422,      62.377,     62.156,
   57,      183.3,    542.429,      62.521,     62.399,
   58,      205.8,    542.438,      62.316,     62.410,
   59,      230.8,    542.449,      62.186,     62.265,
   60,      255.8,    542.462,      61.946,     62.031,
   61,      283.3,    542.473,      61.670,     61.719,
   62,      310.8,    542.484,      61.210,     61.389,
   63,      340.8,    542.492,      61.229,     61.022,
   64,      370.8,    542.499,      60.936,     60.668,
   65,      403.3,    542.502,      60.807,     60.295,
----,
DateTime:        , 2023/09/25, 14:29:40, 1695662980423,
RFID_EPC:        ,--Not Acquired--,
RFID_UserData:   ,--Not Acquired--,
Barcode:         ,--Not Acquired--,
PIF:,          169.70,
PARs:,            0.0,     0.0,     0.0,     0.0,     0.0,     0.0,
Light:,          50.0,     0.0,     0.0,     0.0,     0.0,     0.0,
Cycles:,            1,
                    1,      54,      55,      65,
Lamps:,        #10000,
Gain:,             10,     100, 
SNR_raw:,     146.36,
Position:,        0.0,              0.0,   NoData,
DataPt,      Time(us),   EX,         EM,       Fit,
==========,==========,==========,==========,=========,
    0,        0.0,      0.000,       0.000,     51.882,
    1,        0.8,    541.973,      52.216,     52.350,
    2,        3.3,    541.973,      52.677,     52.805,
    3,        5.8,    541.973,      53.139,     53.246,
    4,        8.3,    541.973,      53.618,     53.675,
    5,       10.8,    541.973,      54.338,     54.090,
    6,       13.3,    541.973,      54.744,     54.493,
    7,       15.8,    541.973,      55.168,     54.883,
    8,       18.3,    541.973,      55.593,     55.261,
    9,       20.8,    541.973,      55.962,     55.627,
   10,       23.3,    541.973,      56.404,     55.982,
   11,       25.8,    541.973,      56.700,     56.325,
   12,       28.3,    541.973,      56.995,     56.656,
   13,       30.8,    541.973,      57.235,     56.977,
   14,       33.3,    541.973,      57.622,     57.287,
   15,       35.8,    541.973,      57.899,     57.587,
   16,       38.3,    541.973,      58.305,     57.877,
   17,       40.8,    541.973,      58.489,     58.157,
   18,       43.3,    541.973,      58.766,     58.427,
   19,       45.8,    541.973,      58.951,     58.688,
   20,       48.3,    541.973,      59.191,     58.940,
   21,       50.8,    541.973,      59.357,     59.183,
   22,       53.3,    541.973,      59.467,     59.418,
   23,       55.8,    541.973,      59.781,     59.644,
   24,       58.3,    541.973,      59.966,     59.862,
   25,       60.8,    541.973,      60.205,     60.073,
   26,       63.3,    541.973,      60.298,     60.276,
   27,       65.8,    541.973,      60.593,     60.471,
   28,       68.3,    541.973,      60.630,     60.660,
   29,       70.8,    541.973,      60.925,     60.842,
   30,       73.3,    541.973,      60.999,     61.017,
   31,       75.8,    541.973,      61.054,     61.186,
   32,       78.3,    541.973,      61.276,     61.348,
   33,       80.8,    541.973,      61.386,     61.505,
   34,       83.3,    541.973,      61.663,     61.655,
   35,       85.8,    541.973,      61.589,     61.800,
   36,       88.3,    541.973,      61.884,     61.940,
   37,       90.8,    541.973,      62.087,     62.074,
   38,       93.3,    541.973,      62.253,     62.204,
   39,       95.8,    541.973,      62.346,     62.328,
   40,       98.3,    541.973,      62.383,     62.448,
   41,      100.8,    541.973,      62.549,     62.564,
   42,      103.3,    541.973,      62.641,     62.675,
   43,      105.8,    541.973,      62.659,     62.781,
   44,      108.3,    541.973,      62.807,     62.884,
   45,      110.8,    541.973,      63.010,     62.983,
   46,      113.3,    541.973,      63.065,     63.078,
   47,      115.8,    541.973,      63.268,     63.169,
   48,      118.3,    541.973,      63.287,     63.257,
   49,      120.8,    541.973,      63.379,     63.341,
   50,      123.3,    541.973,      63.434,     63.422,
   51,      125.8,    541.973,      63.582,     63.500,
   52,      128.3,    541.973,      63.582,     63.575,
   53,      130.8,    541.973,      63.656,     63.647,
   54,      133.3,    541.973,      63.803,     63.716,
   55,      138.3,    541.973,      64.283,     63.970,
   56,      160.8,    541.973,      65.575,     65.064,
   57,      183.3,    541.981,      65.591,     65.555,
   58,      205.8,    541.991,      65.719,     65.724,
   59,      230.8,    542.002,      65.608,     65.720,
   60,      255.8,    542.015,      65.497,     65.605,
   61,      283.3,    542.026,      65.277,     65.425,
   62,      310.8,    542.036,      65.057,     65.216,
   63,      340.8,    542.045,      65.115,     64.980,
   64,      370.8,    542.051,      64.858,     64.744,
   65,      403.3,    542.054,      64.858,     64.494,
----,
DateTime:        , 2023/09/25, 14:29:42, 1695662981929,
RFID_EPC:        ,--Not Acquired--,
RFID_UserData:   ,--Not Acquired--,
Barcode:         ,--Not Acquired--,
PIF:,          170.80,
PARs:,            0.0,     0.0,     0.0,     0.0,     0.0,     0.0,
Light:,           0.0,     0.0,     0.0,     0.0,     0.0,     0.0,
Cycles:,            1,
                    1,      54,      55,      65,
Lamps:,        #10000,
Gain:,             10,     100, 
SNR_raw:,     198.32,
Position:,        0.0,              0.0,   NoData,
DataPt,      Time(us),   EX,         EM,       Fit,
==========,==========,==========,==========,=========,
    0,        0.0,      0.000,       0.000,     46.231,
    1,        0.8,    513.330,      45.077,     47.174,
    2,        3.3,    542.421,      47.500,     48.114,
    3,        5.8,    542.421,      49.794,     48.997,
    4,        8.3,    542.421,      50.605,     49.828,
    5,       10.8,    542.421,      51.379,     50.609,
    6,       13.3,    542.421,      52.117,     51.344,
    7,       15.8,    542.421,      52.744,     52.035,
    8,       18.3,    542.421,      53.444,     52.685,
    9,       20.8,    542.421,      53.813,     53.296,
   10,       23.3,    542.421,      54.421,     53.871,
   11,       25.8,    542.421,      54.993,     54.412,
   12,       28.3,    542.421,      55.362,     54.920,
   13,       30.8,    542.421,      55.767,     55.398,
   14,       33.3,    542.421,      56.044,     55.848,
   15,       35.8,    542.421,      56.523,     56.271,
   16,       38.3,    542.421,      56.707,     56.668,
   17,       40.8,    542.421,      57.021,     57.042,
   18,       43.3,    542.421,      57.426,     57.394,
   19,       45.8,    542.421,      57.685,     57.725,
   20,       48.3,    542.421,      57.998,     58.036,
   21,       50.8,    542.421,      58.164,     58.328,
   22,       53.3,    542.421,      58.496,     58.603,
   23,       55.8,    542.421,      58.625,     58.862,
   24,       58.3,    542.421,      59.012,     59.105,
   25,       60.8,    542.421,      59.012,     59.334,
   26,       63.3,    542.421,      59.344,     59.549,
   27,       65.8,    542.421,      59.418,     59.751,
   28,       68.3,    542.421,      59.583,     59.941,
   29,       70.8,    542.421,      59.952,     60.120,
   30,       73.3,    542.421,      60.044,     60.288,
   31,       75.8,    542.421,      60.100,     60.447,
   32,       78.3,    542.421,      60.229,     60.595,
   33,       80.8,    542.421,      60.487,     60.735,
   34,       83.3,    542.421,      60.634,     60.867,
   35,       85.8,    542.421,      60.819,     60.990,
   36,       88.3,    542.421,      61.003,     61.106,
   37,       90.8,    542.421,      61.114,     61.216,
   38,       93.3,    542.421,      61.132,     61.319,
   39,       95.8,    542.421,      61.409,     61.415,
   40,       98.3,    542.421,      61.501,     61.506,
   41,      100.8,    542.421,      61.648,     61.592,
   42,      103.3,    542.421,      61.630,     61.672,
   43,      105.8,    542.421,      61.667,     61.748,
   44,      108.3,    542.421,      61.740,     61.819,
   45,      110.8,    542.421,      61.888,     61.885,
   46,      113.3,    542.421,      61.943,     61.948,
   47,      115.8,    542.421,      61.980,     62.007,
   48,      118.3,    542.421,      62.275,     62.063,
   49,      120.8,    542.421,      62.201,     62.115,
   50,      123.3,    542.421,      62.386,     62.164,
   51,      125.8,    542.421,      62.607,     62.210,
   52,      128.3,    542.421,      62.607,     62.254,
   53,      130.8,    542.421,      62.644,     62.295,
   54,      133.3,    542.421,      62.736,     62.333,
   55,      138.3,    542.421,      62.994,     62.507,
   56,      160.8,    542.421,      63.437,     63.294,
   57,      183.3,    542.429,      63.711,     63.614,
   58,      205.8,    542.438,      63.672,     63.666,
   59,      230.8,    542.448,      63.357,     63.548,
   60,      255.8,    542.458,      63.173,     63.330,
   61,      283.3,    542.469,      63.008,     63.034,
   62,      310.8,    542.480,      62.770,     62.717,
   63,      340.8,    542.490,      62.440,     62.364,
   64,      370.8,    542.498,      62.294,     62.024,
   65,      403.3,    542.502,      62.258,     61.665,
----,
DateTime:        , 2023/09/25, 14:29:52, 1695662992434,
RFID_EPC:        ,--Not Acquired--,
RFID_UserData:   ,--Not Acquired--,
Barcode:         ,--Not Acquired--,
PIF:,          169.50,
PARs:,            0.0,     0.0,     0.0,     0.0,     0.0,     0.0,
Light:,         100.0,     0.0,     0.0,     0.0,     0.0,     0.0,
Cycles:,            1,
                    1,      54,      55,      65,
Lamps:,        #10000,
Gain:,             10,     100, 
SNR_raw:,      75.17,
Position:,        0.0,              0.0,   NoData,
DataPt,      Time(us),   EX,         EM,       Fit,
==========,==========,==========,==========,=========,
    0,        0.0,      0.000,       0.000,     59.432,
    1,        0.8,    541.974,      59.639,     59.647,
    2,        3.3,    541.974,      59.814,     59.867,
    3,        5.8,    541.974,      59.990,     60.089,
    4,        8.3,    541.974,      60.248,     60.314,
    5,       10.8,    541.974,      60.580,     60.540,
    6,       13.3,    541.974,      60.875,     60.767,
    7,       15.8,    541.974,      61.337,     60.993,
    8,       18.3,    541.974,      61.429,     61.219,
    9,       20.8,    541.974,      61.724,     61.442,
   10,       23.3,    541.974,      61.927,     61.664,
   11,       25.8,    541.974,      62.019,     61.883,
   12,       28.3,    541.974,      62.425,     62.099,
   13,       30.8,    541.974,      62.573,     62.312,
   14,       33.3,    541.974,      62.905,     62.521,
   15,       35.8,    541.974,      62.960,     62.727,
   16,       38.3,    541.974,      63.219,     62.928,
   17,       40.8,    541.974,      63.385,     63.125,
   18,       43.3,    541.974,      63.625,     63.318,
   19,       45.8,    541.974,      63.717,     63.506,
   20,       48.3,    541.974,      63.975,     63.690,
   21,       50.8,    541.974,      64.049,     63.869,
   22,       53.3,    541.974,      64.067,     64.043,
   23,       55.8,    541.974,      64.399,     64.213,
   24,       58.3,    541.974,      64.363,     64.378,
   25,       60.8,    541.974,      64.658,     64.538,
   26,       63.3,    541.974,      64.861,     64.694,
   27,       65.8,    541.974,      65.008,     64.844,
   28,       68.3,    541.974,      65.101,     64.991,
   29,       70.8,    541.974,      65.322,     65.133,
   30,       73.3,    541.974,      65.248,     65.270,
   31,       75.8,    541.974,      65.451,     65.403,
   32,       78.3,    541.974,      65.470,     65.532,
   33,       80.8,    541.974,      65.636,     65.656,
   34,       83.3,    541.974,      65.839,     65.776,
   35,       85.8,    541.974,      65.765,     65.892,
   36,       88.3,    541.974,      66.060,     66.004,
   37,       90.8,    541.974,      66.060,     66.112,
   38,       93.3,    541.974,      66.226,     66.216,
   39,       95.8,    541.974,      66.171,     66.317,
   40,       98.3,    541.974,      66.429,     66.413,
   41,      100.8,    541.974,      66.466,     66.507,
   42,      103.3,    541.974,      66.540,     66.596,
   43,      105.8,    541.974,      66.650,     66.683,
   44,      108.3,    541.974,      66.798,     66.766,
   45,      110.8,    541.974,      66.761,     66.846,
   46,      113.3,    541.974,      66.817,     66.922,
   47,      115.8,    541.974,      66.964,     66.996,
   48,      118.3,    541.974,      66.946,     67.067,
   49,      120.8,    541.974,      67.222,     67.135,
   50,      123.3,    541.974,      67.296,     67.200,
   51,      125.8,    541.974,      67.407,     67.263,
   52,      128.3,    541.974,      67.407,     67.323,
   53,      130.8,    541.974,      67.481,     67.380,
   54,      133.3,    541.974,      67.555,     67.435,
   55,      138.3,    541.974,      68.071,     67.743,
   56,      160.8,    541.974,      69.566,     69.159,
   57,      183.3,    541.981,      69.840,     69.763,
   58,      205.8,    541.990,      70.004,     69.984,
   59,      230.8,    542.000,      70.002,     70.038,
   60,      255.8,    542.012,      70.002,     69.987,
   61,      283.3,    542.022,      69.726,     69.892,
   62,      310.8,    542.031,      69.599,     69.771,
   63,      340.8,    542.040,      69.582,     69.637,
   64,      370.8,    542.047,      69.399,     69.496,
   65,      403.3,    542.050,      69.676,     69.350,
----,
DateTime:        , 2023/09/25, 14:29:54, 1695662993932,
RFID_EPC:        ,--Not Acquired--,
RFID_UserData:   ,--Not Acquired--,
Barcode:         ,--Not Acquired--,
PIF:,          171.70,
PARs:,            0.0,     0.0,     0.0,     0.0,     0.0,     0.0,
Light:,           0.0,     0.0,     0.0,     0.0,     0.0,     0.0,
Cycles:,            1,
                    1,      54,      55,      65,
Lamps:,        #10000,
Gain:,             10,     100, 
SNR_raw:,     242.45,
Position:,        0.0,              0.0,   NoData,
DataPt,      Time(us),   EX,         EM,       Fit,
==========,==========,==========,==========,=========,
    0,        0.0,      0.000,       0.000,     47.790,
    1,        0.8,    513.269,      46.567,     48.743,
    2,        3.3,    542.423,      49.117,     49.692,
    3,        5.8,    542.423,      51.530,     50.584,
    4,        8.3,    542.423,      52.102,     51.423,
    5,       10.8,    542.423,      53.079,     52.211,
    6,       13.3,    542.423,      53.595,     52.953,
    7,       15.8,    542.423,      54.388,     53.650,
    8,       18.3,    542.423,      54.996,     54.306,
    9,       20.8,    542.423,      55.531,     54.922,
   10,       23.3,    542.423,      56.029,     55.502,
   11,       25.8,    542.423,      56.619,     56.047,
   12,       28.3,    542.423,      57.006,     56.559,
   13,       30.8,    542.423,      57.393,     57.041,
   14,       33.3,    542.423,      57.817,     57.494,
   15,       35.8,    542.423,      58.020,     57.920,
   16,       38.3,    542.423,      58.425,     58.320,
   17,       40.8,    542.423,      58.628,     58.696,
   18,       43.3,    542.423,      59.071,     59.050,
   19,       45.8,    542.423,      59.421,     59.383,
   20,       48.3,    542.423,      59.605,     59.695,
   21,       50.8,    542.423,      59.882,     59.989,
   22,       53.3,    542.423,      60.251,     60.265,
   23,       55.8,    542.423,      60.398,     60.525,
   24,       58.3,    542.423,      60.675,     60.769,
   25,       60.8,    542.423,      60.730,     60.998,
   26,       63.3,    542.423,      60.877,     61.214,
   27,       65.8,    542.423,      61.209,     61.417,
   28,       68.3,    542.423,      61.375,     61.607,
   29,       70.8,    542.423,      61.486,     61.786,
   30,       73.3,    542.423,      61.541,     61.955,
   31,       75.8,    542.423,      61.855,     62.113,
   32,       78.3,    542.423,      61.928,     62.261,
   33,       80.8,    542.423,      62.186,     62.401,
   34,       83.3,    542.423,      62.223,     62.532,
   35,       85.8,    542.423,      62.500,     62.656,
   36,       88.3,    542.423,      62.555,     62.772,
   37,       90.8,    542.423,      62.592,     62.881,
   38,       93.3,    542.423,      62.813,     62.983,
   39,       95.8,    542.423,      62.942,     63.079,
   40,       98.3,    542.423,      63.200,     63.170,
   41,      100.8,    542.423,      63.163,     63.254,
   42,      103.3,    542.423,      63.293,     63.334,
   43,      105.8,    542.423,      63.385,     63.409,
   44,      108.3,    542.423,      63.532,     63.480,
   45,      110.8,    542.423,      63.624,     63.546,
   46,      113.3,    542.423,      63.698,     63.608,
   47,      115.8,    542.423,      63.790,     63.666,
   48,      118.3,    542.423,      63.827,     63.721,
   49,      120.8,    542.423,      64.030,     63.773,
   50,      123.3,    542.423,      63.901,     63.821,
   51,      125.8,    542.423,      64.214,     63.867,
   52,      128.3,    542.423,      64.141,     63.909,
   53,      130.8,    542.423,      64.288,     63.950,
   54,      133.3,    542.423,      64.288,     63.987,
   55,      138.3,    542.423,      64.601,     64.151,
   56,      160.8,    542.423,      65.265,     64.910,
   57,      183.3,    542.430,      65.336,     65.260,
   58,      205.8,    542.439,      65.205,     65.363,
   59,      230.8,    542.448,      65.221,     65.309,
   60,      255.8,    542.458,      64.926,     65.152,
   61,      283.3,    542.467,      64.815,     64.915,
   62,      310.8,    542.476,      64.577,     64.649,
   63,      340.8,    542.484,      64.524,     64.344,
   64,      370.8,    542.489,      64.397,     64.044,
   65,      403.3,    542.493,      64.158,     63.723,
----,
DateTime:        , 2023/09/25, 14:30:04, 1695663004444,
RFID_EPC:        ,--Not Acquired--,
RFID_UserData:   ,--Not Acquired--,
Barcode:         ,--Not Acquired--,
PIF:,          173.10,
PARs:,            0.0,     0.0,     0.0,     0.0,     0.0,     0.0,
Light:,         120.0,     0.0,     0.0,     0.0,     0.0,     0.0,
Cycles:,            1,
                    1,      54,      55,      65,
Lamps:,        #10000,
Gain:,             10,     100, 
SNR_raw:,      89.34,
Position:,        0.0,              0.0,   NoData,
DataPt,      Time(us),   EX,         EM,       Fit,
==========,==========,==========,==========,=========,
    0,        0.0,      0.000,       0.000,     59.931,
    1,        0.8,    541.973,      60.345,     60.181,
    2,        3.3,    541.973,      60.446,     60.432,
    3,        5.8,    541.973,      60.548,     60.685,
    4,        8.3,    541.973,      60.843,     60.937,
    5,       10.8,    541.973,      61.194,     61.189,
    6,       13.3,    541.973,      61.452,     61.439,
    7,       15.8,    541.973,      61.840,     61.688,
    8,       18.3,    541.973,      61.969,     61.934,
    9,       20.8,    541.973,      62.485,     62.177,
   10,       23.3,    541.973,      62.614,     62.416,
   11,       25.8,    541.973,      62.965,     62.652,
   12,       28.3,    541.973,      63.242,     62.884,
   13,       30.8,    541.973,      63.482,     63.112,
   14,       33.3,    541.973,      63.703,     63.336,
   15,       35.8,    541.973,      63.924,     63.555,
   16,       38.3,    541.973,      64.220,     63.769,
   17,       40.8,    541.973,      64.367,     63.979,
   18,       43.3,    541.973,      64.515,     64.184,
   19,       45.8,    541.973,      64.570,     64.383,
   20,       48.3,    541.973,      64.884,     64.578,
   21,       50.8,    541.973,      64.976,     64.768,
   22,       53.3,    541.973,      65.087,     64.952,
   23,       55.8,    541.973,      65.364,     65.132,
   24,       58.3,    541.973,      65.401,     65.307,
   25,       60.8,    541.973,      65.548,     65.476,
   26,       63.3,    541.973,      65.696,     65.641,
   27,       65.8,    541.973,      66.028,     65.801,
   28,       68.3,    541.973,      66.009,     65.956,
   29,       70.8,    541.973,      66.157,     66.106,
   30,       73.3,    541.973,      66.212,     66.252,
   31,       75.8,    541.973,      66.434,     66.393,
   32,       78.3,    541.973,      66.489,     66.530,
   33,       80.8,    541.973,      66.637,     66.662,
   34,       83.3,    541.973,      66.711,     66.789,
   35,       85.8,    541.973,      66.950,     66.913,
   36,       88.3,    541.973,      67.043,     67.032,
   37,       90.8,    541.973,      67.209,     67.148,
   38,       93.3,    541.973,      67.190,     67.259,
   39,       95.8,    541.973,      67.246,     67.366,
   40,       98.3,    541.973,      67.338,     67.470,
   41,      100.8,    541.973,      67.430,     67.570,
   42,      103.3,    541.973,      67.633,     67.667,
   43,      105.8,    541.973,      67.596,     67.760,
   44,      108.3,    541.973,      67.818,     67.849,
   45,      110.8,    541.973,      67.873,     67.936,
   46,      113.3,    541.973,      67.965,     68.019,
   47,      115.8,    541.973,      68.094,     68.099,
   48,      118.3,    541.973,      68.297,     68.176,
   49,      120.8,    541.973,      68.261,     68.250,
   50,      123.3,    541.973,      68.408,     68.321,
   51,      125.8,    541.973,      68.463,     68.390,
   52,      128.3,    541.973,      68.611,     68.455,
   53,      130.8,    541.973,      68.703,     68.519,
   54,      133.3,    541.973,      68.740,     68.579,
   55,      138.3,    541.973,      69.183,     68.892,
   56,      160.8,    541.973,      70.696,     70.328,
   57,      183.3,    541.980,      70.971,     70.962,
   58,      205.8,    541.991,      71.172,     71.200,
   59,      230.8,    542.002,      71.116,     71.255,
   60,      255.8,    542.015,      71.172,     71.192,
   61,      283.3,    542.029,      71.081,     71.074,
   62,      310.8,    542.041,      70.935,     70.926,
   63,      340.8,    542.051,      70.752,     70.761,
   64,      370.8,    542.059,      70.772,     70.590,
   65,      403.3,    542.062,      70.570,     70.412,
----,
DateTime:        , 2023/09/25, 14:30:06, 1695663005954,
RFID_EPC:        ,--Not Acquired--,
RFID_UserData:   ,--Not Acquired--,
Barcode:         ,--Not Acquired--,
PIF:,          171.10,
PARs:,            0.0,     0.0,     0.0,     0.0,     0.0,     0.0,
Light:,           0.0,     0.0,     0.0,     0.0,     0.0,     0.0,
Cycles:,            1,
                    1,      54,      55,      65,
Lamps:,        #10000,
Gain:,             10,     100, 
SNR_raw:,     252.57,
Position:,        0.0,              0.0,   NoData,
DataPt,      Time(us),   EX,         EM,       Fit,
==========,==========,==========,==========,=========,
    0,        0.0,      0.000,       0.000,     48.183,
    1,        0.8,    513.296,      46.808,     49.110,
    2,        3.3,    542.422,      49.372,     50.035,
    3,        5.8,    542.422,      51.798,     50.909,
    4,        8.3,    542.422,      52.572,     51.733,
    5,       10.8,    542.422,      53.273,     52.511,
    6,       13.3,    542.422,      54.047,     53.245,
    7,       15.8,    542.422,      54.821,     53.937,
    8,       18.3,    542.422,      55.245,     54.591,
    9,       20.8,    542.422,      55.798,     55.207,
   10,       23.3,    542.422,      56.296,     55.789,
   11,       25.8,    542.422,      56.776,     56.338,
   12,       28.3,    542.422,      57.292,     56.856,
   13,       30.8,    542.422,      57.679,     57.344,
   14,       33.3,    542.422,      58.103,     57.806,
   15,       35.8,    542.422,      58.509,     58.241,
   16,       38.3,    542.422,      58.804,     58.651,
   17,       40.8,    542.422,      59.025,     59.038,
   18,       43.3,    542.422,      59.375,     59.404,
   19,       45.8,    542.422,      59.688,     59.749,
   20,       48.3,    542.422,      60.112,     60.074,
   21,       50.8,    542.422,      60.223,     60.381,
   22,       53.3,    542.422,      60.555,     60.670,
   23,       55.8,    542.422,      60.776,     60.944,
   24,       58.3,    542.422,      60.942,     61.201,
   25,       60.8,    542.422,      61.200,     61.445,
   26,       63.3,    542.422,      61.385,     61.674,
   27,       65.8,    542.422,      61.679,     61.891,
   28,       68.3,    542.422,      61.827,     62.095,
   29,       70.8,    542.422,      61.993,     62.288,
   30,       73.3,    542.422,      62.048,     62.470,
   31,       75.8,    542.422,      62.398,     62.641,
   32,       78.3,    542.422,      62.564,     62.803,
   33,       80.8,    542.422,      62.767,     62.956,
   34,       83.3,    542.422,      62.859,     63.100,
   35,       85.8,    542.422,      63.025,     63.236,
   36,       88.3,    542.422,      63.191,     63.364,
   37,       90.8,    542.422,      63.265,     63.485,
   38,       93.3,    542.422,      63.394,     63.599,
   39,       95.8,    542.422,      63.597,     63.707,
   40,       98.3,    542.422,      63.910,     63.809,
   41,      100.8,    542.422,      63.800,     63.904,
   42,      103.3,    542.422,      64.039,     63.995,
   43,      105.8,    542.422,      64.058,     64.080,
   44,      108.3,    542.422,      64.297,     64.161,
   45,      110.8,    542.422,      64.297,     64.237,
   46,      113.3,    542.422,      64.463,     64.308,
   47,      115.8,    542.422,      64.629,     64.376,
   48,      118.3,    542.422,      64.592,     64.439,
   49,      120.8,    542.422,      64.611,     64.500,
   50,      123.3,    542.422,      64.629,     64.556,
   51,      125.8,    542.422,      64.887,     64.610,
   52,      128.3,    542.422,      64.850,     64.660,
   53,      130.8,    542.422,      65.016,     64.708,
   54,      133.3,    542.422,      65.090,     64.753,
   55,      138.3,    542.422,      65.311,     64.937,
   56,      160.8,    542.422,      65.993,     65.773,
   57,      183.3,    542.428,      66.138,     66.156,
   58,      205.8,    542.436,      66.228,     66.269,
   59,      230.8,    542.446,      66.135,     66.213,
   60,      255.8,    542.457,      65.950,     66.046,
   61,      283.3,    542.467,      65.712,     65.796,
   62,      310.8,    542.479,      65.492,     65.515,
   63,      340.8,    542.489,      65.292,     65.194,
   64,      370.8,    542.498,      65.146,     64.878,
   65,      403.3,    542.501,      64.907,     64.541,
----,
DateTime:        , 2023/09/25, 14:30:16, 1695663016454,
RFID_EPC:        ,--Not Acquired--,
RFID_UserData:   ,--Not Acquired--,
Barcode:         ,--Not Acquired--,
PIF:,          173.00,
PARs:,            0.0,     0.0,     0.0,     0.0,     0.0,     0.0,
Light:,         150.0,     0.0,     0.0,     0.0,     0.0,     0.0,
Cycles:,            1,
                    1,      54,      55,      65,
Lamps:,        #10000,
Gain:,             10,     100, 
SNR_raw:,      91.14,
Position:,        0.0,              0.0,   NoData,
DataPt,      Time(us),   EX,         EM,       Fit,
==========,==========,==========,==========,=========,
    0,        0.0,      0.000,       0.000,     61.888,
    1,        0.8,    541.973,      62.196,     62.042,
    2,        3.3,    541.973,      62.196,     62.212,
    3,        5.8,    541.973,      62.196,     62.395,
    4,        8.3,    541.973,      62.491,     62.588,
    5,       10.8,    541.973,      62.860,     62.790,
    6,       13.3,    541.973,      63.100,     62.998,
    7,       15.8,    541.973,      63.451,     63.210,
    8,       18.3,    541.973,      63.672,     63.426,
    9,       20.8,    541.973,      63.893,     63.644,
   10,       23.3,    541.973,      64.078,     63.863,
   11,       25.8,    541.973,      64.336,     64.081,
   12,       28.3,    541.973,      64.521,     64.299,
   13,       30.8,    541.973,      64.871,     64.515,
   14,       33.3,    541.973,      65.019,     64.728,
   15,       35.8,    541.973,      65.277,     64.938,
   16,       38.3,    541.973,      65.554,     65.145,
   17,       40.8,    541.973,      65.628,     65.348,
   18,       43.3,    541.973,      65.831,     65.547,
   19,       45.8,    541.973,      66.015,     65.741,
   20,       48.3,    541.973,      66.163,     65.931,
   21,       50.8,    541.973,      66.384,     66.116,
   22,       53.3,    541.973,      66.550,     66.296,
   23,       55.8,    541.973,      66.606,     66.472,
   24,       58.3,    541.973,      66.938,     66.642,
   25,       60.8,    541.973,      66.919,     66.807,
   26,       63.3,    541.973,      67.085,     66.967,
   27,       65.8,    541.973,      67.196,     67.122,
   28,       68.3,    541.973,      67.344,     67.272,
   29,       70.8,    541.973,      67.473,     67.416,
   30,       73.3,    541.973,      67.620,     67.556,
   31,       75.8,    541.973,      67.620,     67.691,
   32,       78.3,    541.973,      67.768,     67.822,
   33,       80.8,    541.973,      67.971,     67.947,
   34,       83.3,    541.973,      68.063,     68.068,
   35,       85.8,    541.973,      68.174,     68.184,
   36,       88.3,    541.973,      68.229,     68.296,
   37,       90.8,    541.973,      68.229,     68.404,
   38,       93.3,    541.973,      68.488,     68.507,
   39,       95.8,    541.973,      68.469,     68.606,
   40,       98.3,    541.973,      68.654,     68.701,
   41,      100.8,    541.973,      68.635,     68.793,
   42,      103.3,    541.973,      68.875,     68.880,
   43,      105.8,    541.973,      68.967,     68.964,
   44,      108.3,    541.973,      69.115,     69.045,
   45,      110.8,    541.973,      69.170,     69.121,
   46,      113.3,    541.973,      69.133,     69.195,
   47,      115.8,    541.973,      69.244,     69.265,
   48,      118.3,    541.973,      69.281,     69.333,
   49,      120.8,    541.973,      69.392,     69.397,
   50,      123.3,    541.973,      69.521,     69.458,
   51,      125.8,    541.973,      69.595,     69.516,
   52,      128.3,    541.973,      69.613,     69.572,
   53,      130.8,    541.973,      69.742,     69.625,
   54,      133.3,    541.973,      69.798,     69.675,
   55,      138.3,    541.973,      70.462,     70.042,
   56,      160.8,    541.973,      71.883,     71.669,
   57,      183.3,    541.980,      72.341,     72.250,
   58,      205.8,    541.990,      72.412,     72.418,
   59,      230.8,    542.001,      72.392,     72.437,
   60,      255.8,    542.014,      72.299,     72.372,
   61,      283.3,    542.026,      72.206,     72.283,
   62,      310.8,    542.039,      72.152,     72.174,
   63,      340.8,    542.047,      72.153,     72.061,
   64,      370.8,    542.054,      71.915,     71.940,
   65,      403.3,    542.058,      71.989,     71.818,
----,
DateTime:        , 2023/09/25, 14:30:18, 1695663017978,
RFID_EPC:        ,--Not Acquired--,
RFID_UserData:   ,--Not Acquired--,
Barcode:         ,--Not Acquired--,
PIF:,          169.10,
PARs:,            0.0,     0.0,     0.0,     0.0,     0.0,     0.0,
Light:,           0.0,     0.0,     0.0,     0.0,     0.0,     0.0,
Cycles:,            1,
                    1,      54,      55,      65,
Lamps:,        #10000,
Gain:,             10,     100, 
SNR_raw:,     273.52,
Position:,        0.0,              0.0,   NoData,
DataPt,      Time(us),   EX,         EM,       Fit,
==========,==========,==========,==========,=========,
    0,        0.0,      0.000,       0.000,     48.513,
    1,        0.8,    513.238,      47.186,     49.451,
    2,        3.3,    542.422,      49.737,     50.388,
    3,        5.8,    542.422,      52.151,     51.271,
    4,        8.3,    542.422,      52.925,     52.104,
    5,       10.8,    542.422,      53.810,     52.890,
    6,       13.3,    542.422,      54.289,     53.631,
    7,       15.8,    542.422,      55.174,     54.330,
    8,       18.3,    542.422,      55.561,     54.990,
    9,       20.8,    542.422,      56.151,     55.612,
   10,       23.3,    542.422,      56.759,     56.199,
   11,       25.8,    542.422,      57.220,     56.752,
   12,       28.3,    542.422,      57.644,     57.274,
   13,       30.8,    542.422,      58.105,     57.767,
   14,       33.3,    542.422,      58.566,     58.231,
   15,       35.8,    542.422,      58.843,     58.669,
   16,       38.3,    542.422,      59.267,     59.082,
   17,       40.8,    542.422,      59.599,     59.472,
   18,       43.3,    542.422,      59.967,     59.840,
   19,       45.8,    542.422,      60.023,     60.186,
   20,       48.3,    542.422,      60.520,     60.513,
   21,       50.8,    542.422,      60.686,     60.822,
   22,       53.3,    542.422,      61.018,     61.112,
   23,       55.8,    542.422,      61.221,     61.387,
   24,       58.3,    542.422,      61.479,     61.645,
   25,       60.8,    542.422,      61.756,     61.889,
   26,       63.3,    542.422,      61.719,     62.120,
   27,       65.8,    542.422,      62.069,     62.337,
   28,       68.3,    542.422,      62.309,     62.541,
   29,       70.8,    542.422,      62.364,     62.734,
   30,       73.3,    542.422,      62.622,     62.916,
   31,       75.8,    542.422,      62.843,     63.088,
   32,       78.3,    542.422,      63.028,     63.250,
   33,       80.8,    542.422,      63.157,     63.402,
   34,       83.3,    542.422,      63.341,     63.546,
   35,       85.8,    542.422,      63.470,     63.682,
   36,       88.3,    542.422,      63.636,     63.810,
   37,       90.8,    542.422,      63.747,     63.931,
   38,       93.3,    542.422,      63.949,     64.045,
   39,       95.8,    542.422,      63.931,     64.152,
   40,       98.3,    542.422,      64.097,     64.254,
   41,      100.8,    542.422,      64.300,     64.349,
   42,      103.3,    542.422,      64.373,     64.439,
   43,      105.8,    542.422,      64.595,     64.524,
   44,      108.3,    542.422,      64.503,     64.604,
   45,      110.8,    542.422,      64.724,     64.680,
   46,      113.3,    542.422,      64.834,     64.751,
   47,      115.8,    542.422,      65.019,     64.818,
   48,      118.3,    542.422,      65.000,     64.881,
   49,      120.8,    542.422,      65.203,     64.941,
   50,      123.3,    542.422,      65.203,     64.997,
   51,      125.8,    542.422,      65.314,     65.051,
   52,      128.3,    542.422,      65.387,     65.101,
   53,      130.8,    542.422,      65.480,     65.148,
   54,      133.3,    542.422,      65.535,     65.192,
   55,      138.3,    542.422,      65.738,     65.370,
   56,      160.8,    542.422,      66.457,     66.176,
   57,      183.3,    542.429,      66.621,     66.551,
   58,      205.8,    542.440,      66.581,     66.667,
   59,      230.8,    542.450,      66.469,     66.618,
   60,      255.8,    542.462,      66.358,     66.461,
   61,      283.3,    542.474,      66.081,     66.221,
   62,      310.8,    542.487,      65.934,     65.950,
   63,      340.8,    542.496,      65.732,     65.640,
   64,      370.8,    542.502,      65.604,     65.332,
   65,      403.3,    542.505,      65.513,     65.003,
----,
DateTime:        , 2023/09/25, 14:30:28, 1695663028489,
RFID_EPC:        ,--Not Acquired--,
RFID_UserData:   ,--Not Acquired--,
Barcode:         ,--Not Acquired--,
PIF:,          172.50,
PARs:,            0.0,     0.0,     0.0,     0.0,     0.0,     0.0,
Light:,         200.0,     0.0,     0.0,     0.0,     0.0,     0.0,
Cycles:,            1,
                    1,      54,      55,      65,
Lamps:,        #10000,
Gain:,             10,     100, 
SNR_raw:,      48.86,
Position:,        0.0,              0.0,   NoData,
DataPt,      Time(us),   EX,         EM,       Fit,
==========,==========,==========,==========,=========,
    0,        0.0,      0.000,       0.000,     64.873,
    1,        0.8,    541.974,      65.044,     64.914,
    2,        3.3,    541.974,      64.980,     64.982,
    3,        5.8,    541.974,      64.915,     65.072,
    4,        8.3,    541.974,      65.100,     65.182,
    5,       10.8,    541.974,      65.210,     65.307,
    6,       13.3,    541.974,      65.413,     65.445,
    7,       15.8,    541.974,      65.856,     65.594,
    8,       18.3,    541.974,      66.004,     65.751,
    9,       20.8,    541.974,      66.151,     65.915,
   10,       23.3,    541.974,      66.317,     66.083,
   11,       25.8,    541.974,      66.465,     66.254,
   12,       28.3,    541.974,      66.686,     66.428,
   13,       30.8,    541.974,      66.852,     66.603,
   14,       33.3,    541.974,      67.037,     66.777,
   15,       35.8,    541.974,      67.314,     66.951,
   16,       38.3,    541.974,      67.314,     67.124,
   17,       40.8,    541.974,      67.664,     67.295,
   18,       43.3,    541.974,      67.830,     67.463,
   19,       45.8,    541.974,      67.960,     67.628,
   20,       48.3,    541.974,      68.015,     67.790,
   21,       50.8,    541.974,      68.310,     67.949,
   22,       53.3,    541.974,      68.236,     68.104,
   23,       55.8,    541.974,      68.458,     68.255,
   24,       58.3,    541.974,      68.458,     68.402,
   25,       60.8,    541.974,      68.642,     68.545,
   26,       63.3,    541.974,      68.827,     68.684,
   27,       65.8,    541.974,      68.882,     68.819,
   28,       68.3,    541.974,      68.956,     68.949,
   29,       70.8,    541.974,      69.048,     69.075,
   30,       73.3,    541.974,      69.196,     69.197,
   31,       75.8,    541.974,      69.159,     69.315,
   32,       78.3,    541.974,      69.473,     69.429,
   33,       80.8,    541.974,      69.528,     69.538,
   34,       83.3,    541.974,      69.657,     69.644,
   35,       85.8,    541.974,      69.731,     69.745,
   36,       88.3,    541.974,      69.823,     69.843,
   37,       90.8,    541.974,      69.768,     69.937,
   38,       93.3,    541.974,      69.823,     70.027,
   39,       95.8,    541.974,      70.137,     70.113,
   40,       98.3,    541.974,      70.155,     70.196,
   41,      100.8,    541.974,      70.321,     70.276,
   42,      103.3,    541.974,      70.432,     70.352,
   43,      105.8,    541.974,      70.377,     70.425,
   44,      108.3,    541.974,      70.543,     70.495,
   45,      110.8,    541.974,      70.690,     70.562,
   46,      113.3,    541.974,      70.653,     70.625,
   47,      115.8,    541.974,      70.635,     70.686,
   48,      118.3,    541.974,      70.856,     70.744,
   49,      120.8,    541.974,      70.838,     70.800,
   50,      123.3,    541.974,      70.838,     70.852,
   51,      125.8,    541.974,      70.875,     70.903,
   52,      128.3,    541.974,      71.096,     70.950,
   53,      130.8,    541.974,      70.986,     70.996,
   54,      133.3,    541.974,      71.078,     71.039,
   55,      138.3,    541.974,      71.797,     71.419,
   56,      160.8,    541.974,      73.273,     73.071,
   57,      183.3,    541.982,      73.695,     73.610,
   58,      205.8,    541.992,      73.748,     73.762,
   59,      230.8,    542.001,      73.729,     73.793,
   60,      255.8,    542.012,      73.932,     73.758,
   61,      283.3,    542.022,      73.693,     73.710,
   62,      310.8,    542.032,      73.529,     73.645,
   63,      340.8,    542.039,      73.512,     73.581,
   64,      370.8,    542.045,      73.329,     73.506,
   65,      403.3,    542.048,      73.625,     73.433,
----,
DateTime:        , 2023/09/25, 14:30:30, 1695663029996,
RFID_EPC:        ,--Not Acquired--,
RFID_UserData:   ,--Not Acquired--,
Barcode:         ,--Not Acquired--,
PIF:,          168.70,
PARs:,            0.0,     0.0,     0.0,     0.0,     0.0,     0.0,
Light:,           0.0,     0.0,     0.0,     0.0,     0.0,     0.0,
Cycles:,            1,
                    1,      54,      55,      65,
Lamps:,        #10000,
Gain:,             10,     100, 
SNR_raw:,     260.39,
Position:,        0.0,              0.0,   NoData,
DataPt,      Time(us),   EX,         EM,       Fit,
==========,==========,==========,==========,=========,
    0,        0.0,      0.000,       0.000,     48.775,
    1,        0.8,    513.270,      47.424,     49.720,
    2,        3.3,    542.422,      49.998,     50.663,
    3,        5.8,    542.422,      52.434,     51.552,
    4,        8.3,    542.422,      53.300,     52.389,
    5,       10.8,    542.422,      53.982,     53.178,
    6,       13.3,    542.422,      54.720,     53.922,
    7,       15.8,    542.422,      55.402,     54.622,
    8,       18.3,    542.422,      55.918,     55.283,
    9,       20.8,    542.422,      56.526,     55.905,
   10,       23.3,    542.422,      56.950,     56.492,
   11,       25.8,    542.422,      57.522,     57.044,
   12,       28.3,    542.422,      58.038,     57.565,
   13,       30.8,    542.422,      58.407,     58.056,
   14,       33.3,    542.422,      58.739,     58.518,
   15,       35.8,    542.422,      59.310,     58.954,
   16,       38.3,    542.422,      59.587,     59.364,
   17,       40.8,    542.422,      59.900,     59.751,
   18,       43.3,    542.422,      60.158,     60.116,
   19,       45.8,    542.422,      60.453,     60.459,
   20,       48.3,    542.422,      60.675,     60.783,
   21,       50.8,    542.422,      60.877,     61.088,
   22,       53.3,    542.422,      61.209,     61.375,
   23,       55.8,    542.422,      61.394,     61.646,
   24,       58.3,    542.422,      61.707,     61.901,
   25,       60.8,    542.422,      61.854,     62.141,
   26,       63.3,    542.422,      62.242,     62.367,
   27,       65.8,    542.422,      62.260,     62.581,
   28,       68.3,    542.422,      62.537,     62.782,
   29,       70.8,    542.422,      62.739,     62.971,
   30,       73.3,    542.422,      62.868,     63.149,
   31,       75.8,    542.422,      63.034,     63.317,
   32,       78.3,    542.422,      63.200,     63.476,
   33,       80.8,    542.422,      63.403,     63.625,
   34,       83.3,    542.422,      63.421,     63.765,
   35,       85.8,    542.422,      63.624,     63.898,
   36,       88.3,    542.422,      63.845,     64.022,
   37,       90.8,    542.422,      64.030,     64.140,
   38,       93.3,    542.422,      63.993,     64.250,
   39,       95.8,    542.422,      64.196,     64.355,
   40,       98.3,    542.422,      64.435,     64.453,
   41,      100.8,    542.422,      64.528,     64.545,
   42,      103.3,    542.422,      64.528,     64.632,
   43,      105.8,    542.422,      64.694,     64.714,
   44,      108.3,    542.422,      64.823,     64.792,
   45,      110.8,    542.422,      64.804,     64.864,
   46,      113.3,    542.422,      65.118,     64.933,
   47,      115.8,    542.422,      65.044,     64.997,
   48,      118.3,    542.422,      65.191,     65.058,
   49,      120.8,    542.422,      65.431,     65.116,
   50,      123.3,    542.422,      65.357,     65.169,
   51,      125.8,    542.422,      65.578,     65.220,
   52,      128.3,    542.422,      65.689,     65.268,
   53,      130.8,    542.422,      65.597,     65.313,
   54,      133.3,    542.422,      65.634,     65.356,
   55,      138.3,    542.422,      65.837,     65.531,
   56,      160.8,    542.422,      66.648,     66.343,
   57,      183.3,    542.430,      66.811,     66.731,
   58,      205.8,    542.439,      66.699,     66.861,
   59,      230.8,    542.449,      66.734,     66.829,
   60,      255.8,    542.459,      66.512,     66.686,
   61,      283.3,    542.469,      66.421,     66.461,
   62,      310.8,    542.479,      66.201,     66.202,
   63,      340.8,    542.486,      65.926,     65.902,
   64,      370.8,    542.493,      65.890,     65.604,
   65,      403.3,    542.496,      65.798,     65.284,
----,
DateTime:        , 2023/09/25, 14:30:40, 1695663040513,
RFID_EPC:        ,--Not Acquired--,
RFID_UserData:   ,--Not Acquired--,
Barcode:         ,--Not Acquired--,
PIF:,          178.80,
PARs:,            0.0,     0.0,     0.0,     0.0,     0.0,     0.0,
Light:,         300.0,     0.0,     0.0,     0.0,     0.0,     0.0,
Cycles:,            1,
                    1,      54,      55,      65,
Lamps:,        #10000,
Gain:,             10,     100, 
SNR_raw:,      26.27,
Position:,        0.0,              0.0,   NoData,
DataPt,      Time(us),   EX,         EM,       Fit,
==========,==========,==========,==========,=========,
    0,        0.0,      0.000,       0.000,     69.189,
    1,        0.8,    541.973,      69.138,     69.028,
    2,        3.3,    541.973,      68.953,     68.920,
    3,        5.8,    541.973,      68.769,     68.855,
    4,        8.3,    541.973,      68.621,     68.827,
    5,       10.8,    541.973,      68.750,     68.829,
    6,       13.3,    541.973,      68.953,     68.858,
    7,       15.8,    541.973,      69.064,     68.907,
    8,       18.3,    541.973,      69.119,     68.974,
    9,       20.8,    541.973,      69.378,     69.055,
   10,       23.3,    541.973,      69.451,     69.148,
   11,       25.8,    541.973,      69.433,     69.249,
   12,       28.3,    541.973,      69.654,     69.358,
   13,       30.8,    541.973,      69.765,     69.471,
   14,       33.3,    541.973,      69.931,     69.588,
   15,       35.8,    541.973,      70.079,     69.708,
   16,       38.3,    541.973,      70.300,     69.829,
   17,       40.8,    541.973,      70.245,     69.951,
   18,       43.3,    541.973,      70.429,     70.073,
   19,       45.8,    541.973,      70.466,     70.193,
   20,       48.3,    541.973,      70.503,     70.312,
   21,       50.8,    541.973,      70.540,     70.430,
   22,       53.3,    541.973,      70.632,     70.545,
   23,       55.8,    541.973,      70.817,     70.658,
   24,       58.3,    541.973,      70.854,     70.768,
   25,       60.8,    541.973,      71.094,     70.875,
   26,       63.3,    541.973,      71.075,     70.979,
   27,       65.8,    541.973,      71.186,     71.080,
   28,       68.3,    541.973,      71.260,     71.179,
   29,       70.8,    541.973,      71.481,     71.274,
   30,       73.3,    541.973,      71.463,     71.365,
   31,       75.8,    541.973,      71.444,     71.454,
   32,       78.3,    541.973,      71.463,     71.540,
   33,       80.8,    541.973,      71.647,     71.622,
   34,       83.3,    541.973,      71.832,     71.701,
   35,       85.8,    541.973,      71.776,     71.777,
   36,       88.3,    541.973,      71.813,     71.851,
   37,       90.8,    541.973,      71.776,     71.921,
   38,       93.3,    541.973,      71.869,     71.989,
   39,       95.8,    541.973,      71.998,     72.053,
   40,       98.3,    541.973,      71.961,     72.116,
   41,      100.8,    541.973,      72.053,     72.175,
   42,      103.3,    541.973,      72.201,     72.232,
   43,      105.8,    541.973,      72.311,     72.286,
   44,      108.3,    541.973,      72.256,     72.338,
   45,      110.8,    541.973,      72.441,     72.388,
   46,      113.3,    541.973,      72.385,     72.435,
   47,      115.8,    541.973,      72.533,     72.480,
   48,      118.3,    541.973,      72.570,     72.523,
   49,      120.8,    541.973,      72.625,     72.564,
   50,      123.3,    541.973,      72.717,     72.603,
   51,      125.8,    541.973,      72.773,     72.641,
   52,      128.3,    541.973,      72.662,     72.676,
   53,      130.8,    541.973,      72.791,     72.709,
   54,      133.3,    541.973,      72.810,     72.741,
   55,      138.3,    541.973,      73.585,     73.180,
   56,      160.8,    541.973,      75.171,     74.967,
   57,      183.3,    541.981,      75.261,     75.417,
   58,      205.8,    541.990,      75.665,     75.497,
   59,      230.8,    542.000,      75.662,     75.491,
   60,      255.8,    542.012,      75.476,     75.438,
   61,      283.3,    542.024,      75.346,     75.384,
   62,      310.8,    542.038,      75.383,     75.316,
   63,      340.8,    542.050,      75.328,     75.252,
   64,      370.8,    542.059,      75.293,     75.178,
   65,      403.3,    542.063,      75.146,     75.108,
----,
DateTime:        , 2023/09/25, 14:30:42, 1695663042050,
RFID_EPC:        ,--Not Acquired--,
RFID_UserData:   ,--Not Acquired--,
Barcode:         ,--Not Acquired--,
PIF:,          170.30,
PARs:,            0.0,     0.0,     0.0,     0.0,     0.0,     0.0,
Light:,           0.0,     0.0,     0.0,     0.0,     0.0,     0.0,
Cycles:,            1,
                    1,      54,      55,      65,
Lamps:,        #10000,
Gain:,             10,     100, 
SNR_raw:,     263.07,
Position:,        0.0,              0.0,   NoData,
DataPt,      Time(us),   EX,         EM,       Fit,
==========,==========,==========,==========,=========,
    0,        0.0,      0.000,       0.000,     49.003,
    1,        0.8,    513.257,      47.589,     49.930,
    2,        3.3,    542.421,      50.149,     50.856,
    3,        5.8,    542.421,      52.571,     51.730,
    4,        8.3,    542.421,      53.474,     52.553,
    5,       10.8,    542.421,      54.101,     53.329,
    6,       13.3,    542.421,      54.912,     54.062,
    7,       15.8,    542.421,      55.576,     54.752,
    8,       18.3,    542.421,      56.129,     55.404,
    9,       20.8,    542.421,      56.645,     56.018,
   10,       23.3,    542.421,      57.124,     56.597,
   11,       25.8,    542.421,      57.696,     57.143,
   12,       28.3,    542.421,      58.046,     57.658,
   13,       30.8,    542.421,      58.489,     58.143,
   14,       33.3,    542.421,      58.931,     58.601,
   15,       35.8,    542.421,      59.263,     59.032,
   16,       38.3,    542.421,      59.595,     59.439,
   17,       40.8,    542.421,      59.871,     59.823,
   18,       43.3,    542.421,      60.314,     60.185,
   19,       45.8,    542.421,      60.498,     60.526,
   20,       48.3,    542.421,      60.922,     60.848,
   21,       50.8,    542.421,      61.014,     61.151,
   22,       53.3,    542.421,      61.199,     61.437,
   23,       55.8,    542.421,      61.567,     61.706,
   24,       58.3,    542.421,      61.844,     61.960,
   25,       60.8,    542.421,      61.973,     62.200,
   26,       63.3,    542.421,      62.268,     62.425,
   27,       65.8,    542.421,      62.323,     62.638,
   28,       68.3,    542.421,      62.526,     62.839,
   29,       70.8,    542.421,      62.618,     63.028,
   30,       73.3,    542.421,      62.913,     63.206,
   31,       75.8,    542.421,      63.098,     63.374,
   32,       78.3,    542.421,      63.300,     63.533,
   33,       80.8,    542.421,      63.429,     63.682,
   34,       83.3,    542.421,      63.558,     63.823,
   35,       85.8,    542.421,      63.780,     63.956,
   36,       88.3,    542.421,      63.890,     64.081,
   37,       90.8,    542.421,      63.872,     64.199,
   38,       93.3,    542.421,      64.093,     64.310,
   39,       95.8,    542.421,      64.204,     64.414,
   40,       98.3,    542.421,      64.388,     64.513,
   41,      100.8,    542.421,      64.462,     64.606,
   42,      103.3,    542.421,      64.665,     64.694,
   43,      105.8,    542.421,      64.628,     64.776,
   44,      108.3,    542.421,      65.015,     64.854,
   45,      110.8,    542.421,      64.867,     64.927,
   46,      113.3,    542.421,      65.162,     64.996,
   47,      115.8,    542.421,      65.218,     65.062,
   48,      118.3,    542.421,      65.310,     65.123,
   49,      120.8,    542.421,      65.347,     65.181,
   50,      123.3,    542.421,      65.586,     65.235,
   51,      125.8,    542.421,      65.623,     65.287,
   52,      128.3,    542.421,      65.568,     65.335,
   53,      130.8,    542.421,      65.789,     65.381,
   54,      133.3,    542.421,      65.771,     65.423,
   55,      138.3,    542.421,      65.992,     65.592,
   56,      160.8,    542.421,      66.637,     66.370,
   57,      183.3,    542.430,      66.875,     66.749,
   58,      205.8,    542.441,      66.817,     66.883,
   59,      230.8,    542.454,      66.668,     66.858,
   60,      255.8,    542.468,      66.575,     66.725,
   61,      283.3,    542.481,      66.390,     66.508,
   62,      310.8,    542.492,      66.207,     66.256,
   63,      340.8,    542.499,      66.061,     65.962,
   64,      370.8,    542.503,      66.024,     65.668,
   65,      403.3,    542.505,      65.822,     65.351,
----,
DateTime:        , 2023/09/25, 14:30:52, 1695663052571,
RFID_EPC:        ,--Not Acquired--,
RFID_UserData:   ,--Not Acquired--,
Barcode:         ,--Not Acquired--,
PIF:,          178.50,
PARs:,            0.0,     0.0,     0.0,     0.0,     0.0,     0.0,
Light:,         400.0,     0.0,     0.0,     0.0,     0.0,     0.0,
Cycles:,            1,
                    1,      54,      55,      65,
Lamps:,        #10000,
Gain:,             10,     100, 
SNR_raw:,      14.09,
Position:,        0.0,              0.0,   NoData,
DataPt,      Time(us),   EX,         EM,       Fit,
==========,==========,==========,==========,=========,
    0,        0.0,      0.000,       0.000,     72.616,
    1,        0.8,    541.974,      71.391,     71.814,
    2,        3.3,    541.974,      71.050,     71.258,
    3,        5.8,    541.974,      70.709,     70.892,
    4,        8.3,    541.974,      70.579,     70.670,
    5,       10.8,    541.974,      70.616,     70.558,
    6,       13.3,    541.974,      70.579,     70.529,
    7,       15.8,    541.974,      70.782,     70.559,
    8,       18.3,    541.974,      70.893,     70.631,
    9,       20.8,    541.974,      70.838,     70.734,
   10,       23.3,    541.974,      70.985,     70.855,
   11,       25.8,    541.974,      71.022,     70.988,
   12,       28.3,    541.974,      71.151,     71.125,
   13,       30.8,    541.974,      71.151,     71.264,
   14,       33.3,    541.974,      71.317,     71.401,
   15,       35.8,    541.974,      71.391,     71.533,
   16,       38.3,    541.974,      71.484,     71.659,
   17,       40.8,    541.974,      71.613,     71.778,
   18,       43.3,    541.974,      71.668,     71.890,
   19,       45.8,    541.974,      71.705,     71.993,
   20,       48.3,    541.974,      71.779,     72.089,
   21,       50.8,    541.974,      71.889,     72.177,
   22,       53.3,    541.974,      71.908,     72.258,
   23,       55.8,    541.974,      72.037,     72.332,
   24,       58.3,    541.974,      72.037,     72.399,
   25,       60.8,    541.974,      72.240,     72.460,
   26,       63.3,    541.974,      72.258,     72.515,
   27,       65.8,    541.974,      72.295,     72.564,
   28,       68.3,    541.974,      72.351,     72.609,
   29,       70.8,    541.974,      72.388,     72.650,
   30,       73.3,    541.974,      72.425,     72.686,
   31,       75.8,    541.974,      72.480,     72.718,
   32,       78.3,    541.974,      72.535,     72.748,
   33,       80.8,    541.974,      72.535,     72.774,
   34,       83.3,    541.974,      72.720,     72.797,
   35,       85.8,    541.974,      72.609,     72.818,
   36,       88.3,    541.974,      72.830,     72.836,
   37,       90.8,    541.974,      72.812,     72.853,
   38,       93.3,    541.974,      73.052,     72.868,
   39,       95.8,    541.974,      72.886,     72.881,
   40,       98.3,    541.974,      73.089,     72.893,
   41,      100.8,    541.974,      73.033,     72.903,
   42,      103.3,    541.974,      73.199,     72.913,
   43,      105.8,    541.974,      73.126,     72.921,
   44,      108.3,    541.974,      73.107,     72.928,
   45,      110.8,    541.974,      73.236,     72.935,
   46,      113.3,    541.974,      73.329,     72.941,
   47,      115.8,    541.974,      73.421,     72.946,
   48,      118.3,    541.974,      73.255,     72.951,
   49,      120.8,    541.974,      73.550,     72.955,
   50,      123.3,    541.974,      73.532,     72.958,
   51,      125.8,    541.974,      73.568,     72.962,
   52,      128.3,    541.974,      73.661,     72.964,
   53,      130.8,    541.974,      73.808,     72.967,
   54,      133.3,    541.974,      73.642,     72.969,
   55,      138.3,    541.974,      74.583,     74.312,
   56,      160.8,    541.974,      75.875,     78.336,
   57,      183.3,    541.982,      76.076,     78.109,
   58,      205.8,    541.992,      76.221,     77.405,
   59,      230.8,    542.003,      76.146,     76.745,
   60,      255.8,    542.014,      76.164,     76.208,
   61,      283.3,    542.024,      76.091,     75.768,
   62,      310.8,    542.033,      75.927,     75.420,
   63,      340.8,    542.039,      75.984,     75.132,
   64,      370.8,    542.046,      76.041,     74.903,
   65,      403.3,    542.048,      76.005,     74.707,
----,
DateTime:        , 2023/09/25, 14:30:54, 1695663054091,
RFID_EPC:        ,--Not Acquired--,
RFID_UserData:   ,--Not Acquired--,
Barcode:         ,--Not Acquired--,
PIF:,          168.70,
PARs:,            0.0,     0.0,     0.0,     0.0,     0.0,     0.0,
Light:,           0.0,     0.0,     0.0,     0.0,     0.0,     0.0,
Cycles:,            1,
                    1,      54,      55,      65,
Lamps:,        #10000,
Gain:,             10,     100, 
SNR_raw:,     267.44,
Position:,        0.0,              0.0,   NoData,
DataPt,      Time(us),   EX,         EM,       Fit,
==========,==========,==========,==========,=========,
    0,        0.0,      0.000,       0.000,     48.774,
    1,        0.8,    513.213,      47.430,     49.712,
    2,        3.3,    542.423,      50.001,     50.647,
    3,        5.8,    542.423,      52.434,     51.527,
    4,        8.3,    542.423,      53.227,     52.356,
    5,       10.8,    542.423,      53.965,     53.137,
    6,       13.3,    542.423,      54.684,     53.873,
    7,       15.8,    542.423,      55.274,     54.565,
    8,       18.3,    542.423,      55.882,     55.217,
    9,       20.8,    542.423,      56.398,     55.831,
   10,       23.3,    542.423,      56.988,     56.409,
   11,       25.8,    542.423,      57.265,     56.954,
   12,       28.3,    542.423,      57.855,     57.466,
   13,       30.8,    542.423,      58.260,     57.949,
   14,       33.3,    542.423,      58.813,     58.403,
   15,       35.8,    542.423,      59.071,     58.831,
   16,       38.3,    542.423,      59.459,     59.234,
   17,       40.8,    542.423,      59.790,     59.613,
   18,       43.3,    542.423,      59.919,     59.970,
   19,       45.8,    542.423,      60.362,     60.306,
   20,       48.3,    542.423,      60.528,     60.623,
   21,       50.8,    542.423,      60.767,     60.920,
   22,       53.3,    542.423,      60.989,     61.201,
   23,       55.8,    542.423,      61.210,     61.465,
   24,       58.3,    542.423,      61.486,     61.713,
   25,       60.8,    542.423,      61.745,     61.947,
   26,       63.3,    542.423,      61.947,     62.167,
   27,       65.8,    542.423,      62.113,     62.374,
   28,       68.3,    542.423,      62.316,     62.569,
   29,       70.8,    542.423,      62.390,     62.753,
   30,       73.3,    542.423,      62.740,     62.926,
   31,       75.8,    542.423,      62.777,     63.088,
   32,       78.3,    542.423,      62.998,     63.241,
   33,       80.8,    542.423,      63.109,     63.385,
   34,       83.3,    542.423,      63.312,     63.521,
   35,       85.8,    542.423,      63.478,     63.648,
   36,       88.3,    542.423,      63.570,     63.768,
   37,       90.8,    542.423,      63.754,     63.881,
   38,       93.3,    542.423,      63.772,     63.987,
   39,       95.8,    542.423,      64.031,     64.087,
   40,       98.3,    542.423,      64.031,     64.181,
   41,      100.8,    542.423,      64.326,     64.270,
   42,      103.3,    542.423,      64.233,     64.353,
   43,      105.8,    542.423,      64.381,     64.431,
   44,      108.3,    542.423,      64.565,     64.505,
   45,      110.8,    542.423,      64.584,     64.574,
   46,      113.3,    542.423,      64.657,     64.639,
   47,      115.8,    542.423,      64.897,     64.701,
   48,      118.3,    542.423,      64.842,     64.758,
   49,      120.8,    542.423,      65.063,     64.813,
   50,      123.3,    542.423,      65.081,     64.864,
   51,      125.8,    542.423,      65.100,     64.912,
   52,      128.3,    542.423,      65.247,     64.957,
   53,      130.8,    542.423,      65.192,     64.999,
   54,      133.3,    542.423,      65.376,     65.039,
   55,      138.3,    542.423,      65.727,     65.202,
   56,      160.8,    542.423,      66.169,     65.957,
   57,      183.3,    542.430,      66.425,     66.322,
   58,      205.8,    542.440,      66.386,     66.448,
   59,      230.8,    542.451,      66.292,     66.417,
   60,      255.8,    542.463,      66.181,     66.281,
   61,      283.3,    542.472,      65.831,     66.063,
   62,      310.8,    542.482,      65.813,     65.811,
   63,      340.8,    542.489,      65.630,     65.517,
   64,      370.8,    542.495,      65.520,     65.224,
   65,      403.3,    542.497,      65.447,     64.909,
